{
  "BUSINESS": {
    "precision": 0.603448275862069,
    "recall": 0.5833333333333334,
    "f1-score": 0.5932203389830508,
    "support": 60.0
  },
  "ENTERTAINMENT": {
    "precision": 0.8444444444444444,
    "recall": 0.6333333333333333,
    "f1-score": 0.7238095238095238,
    "support": 60.0
  },
  "POLITICS": {
    "precision": 0.7580645161290323,
    "recall": 0.7833333333333333,
    "f1-score": 0.7704918032786885,
    "support": 60.0
  },
  "SPORTS": {
    "precision": 0.7272727272727273,
    "recall": 0.8,
    "f1-score": 0.7619047619047619,
    "support": 60.0
  },
  "TECH": {
    "precision": 0.7413793103448276,
    "recall": 0.7166666666666667,
    "f1-score": 0.7288135593220338,
    "support": 60.0
  },
  "WELLNESS": {
    "precision": 0.676056338028169,
    "recall": 0.8,
    "f1-score": 0.732824427480916,
    "support": 60.0
  },
  "accuracy": 0.7194444444444444,
  "macro avg": {
    "precision": 0.7251109353468782,
    "recall": 0.7194444444444444,
    "f1-score": 0.7185107357964958,
    "support": 360.0
  },
  "weighted avg": {
    "precision": 0.7251109353468782,
    "recall": 0.7194444444444444,
    "f1-score": 0.7185107357964957,
    "support": 360.0
  }
}